index,Scratched,Breakage,Separated,Crushed,total_anns,ran_var,dataset
0191931_sc-111998.jpg,3,0,1,0,4,0.13857690784616117,val
0367746_sc-213879.jpg,1,0,0,0,1,0.664346989648564,val
0213519_as-2846220.jpg,2,0,1,0,3,0.15042903028089705,val
0186988_sc-110429.jpg,3,0,0,0,3,0.6224678158164575,val
0348131_sc-229405.jpg,1,0,0,1,2,0.1489192300138651,val
0034393_as-0100039.jpg,2,4,0,0,6,0.17943137154526978,val
0415396_sc-165577.jpg,1,0,2,2,5,0.8680144527524422,val
0209821_as-2816800.jpg,1,0,1,1,3,0.22488531377992838,val
0184976_sc-155548.jpg,1,1,0,1,3,0.09207295006000182,val
0128861_sc-179026.jpg,1,0,1,0,2,0.9537119445573894,val
0456132_as-2989984.jpg,2,0,0,1,3,0.8092211318656327,val
0192878_as-0097771.jpg,2,0,0,0,2,0.6620143307733611,val
0028030_sc-164323.jpg,6,0,0,0,6,0.39112163864291294,val
0449922_sc-213137.jpg,1,0,1,0,2,0.838317635666781,val
0316348_sc-128467.jpg,2,0,0,0,2,0.29204387547450006,val
0362513_sc-191078.jpg,1,0,0,0,1,0.9333500176448715,val
0175392_as-0098501.jpg,3,0,0,0,3,0.5564856112303348,val
0063055_sc-207034.jpg,2,0,0,0,2,0.6415087368819364,val
0323434_sc-148665.jpg,5,0,2,0,7,0.06363137990354595,val
0066839_sc-110871.jpg,0,1,0,0,1,0.4468636782348526,val
0436192_sc-209463.jpg,1,0,0,0,1,0.6362673361938879,val
0004566_sc-195121.jpg,3,1,1,0,5,0.25440850573326135,val
0326224_as-0094663.jpg,5,0,1,2,8,0.8748123130317778,val
0146455_as-0097744.jpg,0,0,1,0,1,0.9455889949988138,val
0167457_sc-159602.jpg,1,0,0,0,1,0.5903876196796496,val
0503213_sc-208518.jpg,1,0,2,0,3,0.4233370626842612,val
0290523_as-7132650.jpg,1,1,0,0,2,0.163841564263558,val
0401710_sc-162426.jpg,2,1,1,1,5,0.3335505876919189,val
0453042_sc-125331.jpg,6,0,2,1,9,0.9441384220437706,val
0028264_sc-179865.jpg,2,0,0,0,2,0.9240135406033895,val
0398276_as-3475771.jpg,3,1,1,0,5,0.08585207313138443,val
0012858_as-3454098.jpg,1,1,0,0,2,0.9388748037966138,val
0192218_sc-126494.jpg,5,2,3,0,10,0.6199740771838766,val
0298929_as-0100037.jpg,1,0,1,0,2,0.793368321492145,val
0045704_as-3259707.jpg,0,0,0,2,2,0.29633486655203667,val
0377960_as-3193662.jpg,0,0,1,0,1,0.18454146409594718,val
0453775_sc-217445.jpg,3,0,1,2,6,0.6202828886806616,val
0213903_sc-149782.jpg,7,0,3,0,10,0.05081911381291493,val
0104080_sc-180644.jpg,1,0,0,0,1,0.6090519375470925,val
0359021_sc-176456.jpg,2,0,0,0,2,0.7562813259225941,val
0475156_as-2920547.jpg,0,0,2,1,3,0.6978157302206506,val
0274589_as-2982576.jpg,3,0,0,0,3,0.24559443126780212,val
0495125_sc-180212.jpg,1,0,1,0,2,0.6593407456668303,val
0435390_sc-159499.jpg,1,0,1,0,2,0.8926699397323844,val
0165941_sc-171459.jpg,3,1,0,1,5,0.8025754790776587,val
0390750_as-0098988.jpg,5,0,0,0,5,0.013668614404630963,val
0365736_as-0099041.jpg,1,2,0,0,3,0.7490567601542046,val
0411417_as-0098018.jpg,2,1,2,1,6,0.9515195484307117,val
0192723_sc-177196.jpg,2,0,0,1,3,0.345819719268744,val
0368093_sc-197831.jpg,2,0,0,0,2,0.5709553235329851,val
0450117_sc-180064.jpg,1,1,1,1,4,0.2045951727560401,val
0278201_as-2714267.jpg,2,0,0,1,3,0.6483468163822335,val
0291533_as-2930904.jpg,1,0,0,0,1,0.8062089712237953,val
0112451_sc-113504.jpg,8,1,0,0,9,0.9581202065081549,val
0198698_sc-136643.jpg,1,0,0,0,1,0.5931307464847347,val
0085578_sc-145269.jpg,2,0,0,0,2,0.6370265052783994,val
0310970_sc-174750.jpg,3,0,0,0,3,0.7642199283232243,val
0049743_as-0098719.jpg,1,1,0,0,2,0.1096266689914216,val
0030661_sc-173956.jpg,3,0,0,1,4,0.697846038090698,val
0350766_as-0098563.jpg,5,1,5,3,14,0.1173738017033722,val
0283347_sc-192159.jpg,1,0,1,0,2,0.6243112137696735,val
0344418_as-7918579.jpg,1,1,0,0,2,0.5451427576540513,val
0451894_as-3228189.jpg,1,1,0,0,2,0.753349774858969,val
0243821_sc-210697.jpg,1,0,0,0,1,0.45426790322518396,val
0431876_as-3165474.jpg,6,0,0,0,6,0.24016476165492573,val
0037818_as-0098380.jpg,0,1,1,1,3,0.24718397234366263,val
0454227_sc-197327.jpg,3,0,0,0,3,0.43577835520434893,val
0024075_sc-161907.jpg,0,2,0,1,3,0.4819851410776067,val
0004696_as-3293974.jpg,2,0,0,0,2,0.9951075220901964,val
0144969_sc-214627.jpg,3,1,2,0,6,0.6321025148956113,val
0405047_as-0094498.jpg,1,0,0,0,1,0.3732496566838428,val
0334425_as-0097062.jpg,3,0,0,1,4,0.9314949510792001,val
0001505_as-2951606.jpg,0,1,2,1,4,0.7247998267718742,val
0252005_sc-227856.jpg,1,1,1,0,3,0.22217782213551096,val
0434544_as-0094826.jpg,1,0,0,0,1,0.5428199276992659,val
0092751_sc-119742.jpg,1,1,1,0,3,0.16907428340241548,val
0117881_as-3231117.jpg,2,1,2,1,6,0.2532376346248356,val
0433769_as-0098407.jpg,0,1,0,0,1,0.696910150617177,val
0484003_as-9045531.jpg,1,0,0,1,2,0.5262362597343427,val
0445283_sc-174527.jpg,1,0,0,0,1,0.05505088066088193,val
0210760_sc-206304.jpg,0,0,1,0,1,0.4521834732905332,val
0070310_as-2709738.jpg,6,0,0,0,6,0.09281970832905995,val
0257804_sc-130475.jpg,2,0,0,0,2,0.7314762948016967,val
0260026_sc-174143.jpg,3,0,0,0,3,0.6130818819620357,val
0270657_sc-137794.jpg,2,0,0,0,2,0.534368685353529,val
0118689_sc-1023870.jpg,2,2,2,0,6,0.14843221704937004,val
0472590_sc-161668.jpg,2,1,2,1,6,0.7871861273460026,val
0368149_sc-181532.jpg,1,1,1,0,3,0.05825665649734535,val
0332876_sc-175535.jpg,2,1,1,0,4,0.8218339896455399,val
0370379_as-2579195.jpg,2,0,0,0,2,0.2093180868074913,val
0163438_sc-121864.jpg,0,0,0,1,1,0.32822824545461105,val
0202811_sc-213386.jpg,2,0,0,0,2,0.0747047010659756,val
0365425_sc-145609.jpg,4,0,1,1,6,0.9921184297548628,val
0266794_sc-168055.jpg,1,1,2,1,5,0.38659582448353613,val
0128406_as-2887555.jpg,2,0,0,0,2,0.06551353189357523,val
0058790_sc-133549.jpg,2,0,0,1,3,0.0330999476187227,val
0317240_sc-113371.jpg,3,0,1,0,4,0.9643396014933406,val
0391641_as-3338867.jpg,2,2,4,0,8,0.99695042167407,val
0316635_sc-139039.jpg,8,0,1,0,9,0.22454219471843617,val
0460904_sc-192604.jpg,1,0,0,0,1,0.20473442549008636,val
0372011_sc-177386.jpg,3,0,0,0,3,0.5506299303697134,val
0187816_as-0062411.jpg,3,0,1,0,4,0.6115926739352885,val
0149447_sc-161531.jpg,0,0,1,0,1,0.6915270979093935,val
0176363_sc-181235.jpg,4,1,0,0,5,0.6136509488159666,val
0413481_sc-197175.jpg,4,1,0,0,5,0.6723441814795372,val
0014330_as-3200305.jpg,2,1,2,1,6,0.35629708435997776,val
0283348_sc-192159.jpg,1,0,0,0,1,0.762673787237211,val
0420782_sc-152420.jpg,2,1,2,0,5,0.716291050008435,val
0238908_sc-159047.jpg,1,0,0,0,1,0.35149225536965967,val
0228988_sc-205339.jpg,2,0,0,0,2,0.1758443253628903,val
0276973_sc-146636.jpg,0,0,1,0,1,0.06295989991639861,val
0493152_as-7830108.jpg,0,0,1,0,1,0.3594825192979757,val
0287650_as-0097866.jpg,1,0,0,0,1,0.17955346362730507,val
0286749_as-0098714.jpg,1,0,0,0,1,0.9880801006414471,val
0356996_sc-206104.jpg,2,1,1,1,5,0.6472061111556673,val
0128412_sc-1039751.jpg,1,0,0,0,1,0.9151133360023926,val
0006632_sc-170061.jpg,1,1,0,0,2,0.8856664348417661,val
0232711_sc-195016.jpg,1,1,0,0,2,0.7096271454409315,val
0280305_sc-174751.jpg,2,0,0,0,2,0.7832078095110554,val
0390203_as-3042730.jpg,2,0,0,0,2,0.37972093938011253,val
0110353_sc-104455.jpg,6,1,1,1,9,0.20657894781618913,test
0049373_as-0098423.jpg,2,1,2,1,6,0.19872669091733997,test
0325286_sc-186462.jpg,1,2,1,0,4,0.470111637984862,test
0022035_sc-199941.jpg,1,0,1,0,2,0.469737789551949,test
0386503_sc-222333.jpg,4,0,0,0,4,0.5674345001469652,test
0338426_sc-191275.jpg,1,0,0,0,1,0.4387037784543717,test
0120973_sc-224614.jpg,2,0,0,0,2,0.9026500793526782,test
0398608_sc-139776.jpg,7,1,1,1,10,0.045308848469952645,test
0487724_as-7053848.jpg,1,3,0,0,4,0.1455593119099433,test
0213904_sc-149782.jpg,1,1,0,0,2,0.9065434332620879,test
0119840_sc-159137.jpg,5,0,0,0,5,0.7078442756946954,test
0465480_sc-165846.jpg,1,0,1,0,2,0.2929139512380676,test
0465134_as-0099459.jpg,10,3,1,2,16,0.004423203434820389,test
0373808_as-9098624.jpg,1,0,0,0,1,0.08334984187967309,test
0068041_sc-230154.jpg,4,0,0,0,4,0.3822233655538181,test
0312764_sc-128646.jpg,0,2,1,0,3,0.1988134924976055,test
0167403_sc-123749.jpg,3,2,1,0,6,0.28955111059692296,test
0175391_as-0098501.jpg,3,0,0,0,3,0.402564100522278,test
0133270_sc-156226.jpg,2,1,0,0,3,0.048105495175554513,test
0024554_sc-153378.jpg,1,0,0,0,1,0.8098915977746645,test
0354001_sc-203504.jpg,1,0,0,0,1,0.2635336846850197,test
0105868_sc-227017.jpg,2,1,0,0,3,0.22888210902238515,test
0490798_sc-152351.jpg,2,0,1,0,3,0.7256864276959919,test
0356544_sc-210777.jpg,1,0,0,0,1,0.849057161093993,test
0405046_as-0094498.jpg,0,0,1,0,1,0.5026805582284468,test
0462409_sc-146872.jpg,2,0,1,0,3,0.789789824748018,test
0339092_sc-149389.jpg,3,0,0,0,3,0.6806082135913508,test
0149175_sc-177730.jpg,2,0,1,2,5,0.7774943676395292,test
0166940_sc-106814.jpg,4,0,1,0,5,0.08989076473157931,test
0361245_sc-200520.jpg,5,0,0,0,5,0.8356887820754048,test
0161760_sc-143835.jpg,3,0,0,1,4,0.375565838121693,test
0349202_sc-1015502.jpg,3,0,0,0,3,0.6225999614629736,test
0266796_sc-168055.jpg,0,0,1,1,2,0.37615649794279205,test
0229351_as-0098524.jpg,2,0,0,0,2,0.23215505835064032,test
0455362_sc-207823.jpg,2,0,0,0,2,0.8182774731143709,test
0248783_sc-141225.jpg,3,0,0,0,3,0.5400679997968185,test
0135588_sc-131286.jpg,1,1,0,0,2,0.05767685240891518,test
0069331_sc-180665.jpg,1,0,0,0,1,0.06308266381551675,test
0300281_as-3077226.jpg,2,0,0,0,2,0.08021891998420383,test
0212330_sc-149937.jpg,3,1,0,0,4,0.29763529104945996,test
0285172_sc-180800.jpg,2,2,2,0,6,0.6661760156223644,test
0038755_as-0099519.jpg,1,2,2,1,6,0.32493300139097536,test
0209438_sc-156884.jpg,5,0,0,0,5,0.6816178219215033,test
0021918_sc-213329.jpg,2,1,0,0,3,0.9400685938335819,test
0264210_as-0094740.jpg,4,0,0,0,4,0.46767775585734206,test
0282644_sc-158575.jpg,1,0,0,0,1,0.7459491199254142,test
0413787_sc-164874.jpg,3,1,0,0,4,0.26186202055221863,test
0168715_as-3224066.jpg,1,2,2,1,6,0.3795384550909159,test
0290027_sc-208199.jpg,2,0,0,0,2,0.6731360463694783,test
0216917_as-9088857.jpg,1,0,0,0,1,0.862209404235099,test
0166956_sc-216793.jpg,1,1,1,1,4,0.8176537160211931,test
0437174_sc-149367.jpg,2,0,0,0,2,0.2437281713048668,test
0386375_sc-152760.jpg,0,0,1,0,1,0.41345744736169343,test
0337424_sc-221617.jpg,2,1,1,0,4,0.026713429531135313,test
0429921_as-0097714.jpg,3,1,1,1,6,0.23327521394094386,test
0009062_sc-200552.jpg,1,0,0,0,1,0.5360944953155249,test
0231087_sc-171137.jpg,4,1,0,0,5,0.1830446290696247,test
0348132_sc-229405.jpg,2,0,0,2,4,0.7574612579373161,test
0259827_as-3444630.jpg,2,2,1,0,5,0.24002348389230155,test
0500100_sc-171188.jpg,3,0,0,0,3,0.2505295279871115,test
0217248_as-7720109.jpg,1,0,0,1,2,0.48788664912563395,test
0346585_sc-176120.jpg,7,0,0,0,7,0.8735679571484986,test
0100258_as-0098416.jpg,1,7,1,1,10,0.4414420996264955,test
0505076_sc-207368.jpg,4,0,0,2,6,0.0647678832225369,test
0338342_as-0098841.jpg,5,7,1,2,15,0.9164235962970451,test
0035392_sc-129581.jpg,0,0,1,0,1,0.9774929313006355,test
0348943_as-0051323.jpg,1,0,0,0,1,0.3738885261340382,test
0419085_as-2645469.jpg,4,1,0,0,5,0.3153937527313606,test
0072051_as-2531845.jpg,3,1,1,0,5,0.8080384801766167,test
0369165_sc-173071.jpg,3,0,0,0,3,0.7607029467442188,test
0245464_sc-129144.jpg,3,0,0,0,3,0.2667795673961093,test
0042640_as-2770598.jpg,1,0,1,1,3,0.6733143218575574,test
0037951_sc-225196.jpg,1,0,0,0,1,0.7102400781198255,test
0225521_as-0094687.jpg,0,0,2,0,2,0.3267153346308066,test
0096801_as-2672227.jpg,2,0,0,0,2,0.8407249628981467,test
0373045_sc-218097.jpg,1,0,0,0,1,0.4694882332140491,test
0265707_sc-180234.jpg,2,1,1,1,5,0.12367894542899882,test
0472632_sc-184308.jpg,1,0,0,0,1,0.1285909814188012,test
0114428_sc-209843.jpg,0,1,0,0,1,0.3631006956035473,test
0020631_sc-196900.jpg,2,2,0,0,4,0.9046918556704332,test
0298983_as-3162415.jpg,4,0,0,0,4,0.34238438512721714,test
0466335_sc-140202.jpg,3,0,1,0,4,0.8533444685599441,test
0237765_sc-132520.jpg,3,0,0,0,3,0.5697366258660818,test
0414793_as-2775066.jpg,2,0,0,0,2,0.6854156345352284,test
0442642_sc-225918.jpg,3,0,0,0,3,0.49934210842535076,test
0337585_as-2583632.jpg,0,1,0,0,1,0.2847322753140702,test
0082415_sc-161209.jpg,7,0,1,0,8,0.4255310624402546,test
0496620_sc-173345.jpg,2,2,8,1,13,0.35875597527639846,test
0429925_as-0097714.jpg,2,1,0,0,3,0.0869127645339316,test
0384796_sc-148809.jpg,0,1,0,0,1,0.18891801940990238,test
0029007_as-9004720.jpg,3,1,0,0,4,0.8515644930717855,test
0092516_sc-197715.jpg,1,0,0,0,1,0.4717297803331324,test
0286430_as-3158367.jpg,1,0,0,0,1,0.24147523836379337,test
0083019_sc-146509.jpg,1,1,0,0,2,0.9265437234831998,test
0406968_sc-185497.jpg,5,1,0,1,7,0.26568493030497387,test
0482981_sc-162622.jpg,1,2,0,0,3,0.28944770636480366,test
0232845_sc-209284.jpg,1,0,0,0,1,0.005045179287182955,test
0094584_as-0098268.jpg,1,1,0,0,2,0.8610224084825275,test
0177445_as-0099433.jpg,0,1,0,0,1,0.13626018391661332,test
0475703_sc-164638.jpg,0,1,0,0,1,0.08560226671856086,test
0498700_as-0098334.jpg,6,1,2,1,10,0.38665440236899407,test
0134600_as-0094520.jpg,1,1,0,0,2,0.2769271275919539,test
0136184_sc-138052.jpg,1,0,1,0,2,0.7163192948416817,test
0455455_sc-179835.jpg,2,0,0,0,2,0.5986348583881184,test
0257803_sc-130475.jpg,10,0,1,0,11,0.5683533328744781,test
0458516_as-0094704.jpg,1,0,1,0,2,0.8444016715295218,test
0371769_sc-211802.jpg,1,1,0,0,2,0.08516255167919984,test
0004038_as-3393474.jpg,1,0,0,1,2,0.745767174126812,test
0065286_as-0094227.jpg,5,1,0,0,6,0.5718888432090847,test
0394385_as-0099911.jpg,2,4,4,0,10,0.12747279342792361,test
0104453_sc-129393.jpg,1,0,1,0,2,0.11831104803952197,test
0051037_as-2699943.jpg,1,0,0,0,1,0.26389999930337127,test
0154323_as-2966648.jpg,1,1,0,0,2,0.554277668162894,test
0167131_sc-135503.jpg,3,0,1,0,4,0.6110904123865806,test
0390557_sc-155537.jpg,2,0,0,0,2,0.16891131220996003,test
0042580_as-2765984.jpg,1,0,0,0,1,0.3341065171585774,test
0074462_sc-214611.jpg,0,0,1,0,1,0.09420799981232719,test
0355929_sc-190146.jpg,1,2,0,0,3,0.055853093868472925,test
0156967_sc-196023.jpg,3,0,0,0,3,0.07553040885288353,test
0452058_sc-209470.jpg,3,0,0,0,3,0.0711522292879645,test
0361025_as-0097263.jpg,4,1,1,1,7,0.4191844544979524,train
0047887_as-2954221.jpg,4,0,0,0,4,0.17676409620808364,train
0030762_sc-229985.jpg,1,0,0,0,1,0.4563496891836947,train
0366849_sc-144758.jpg,1,2,0,0,3,0.2602432139302525,train
0279168_as-3244088.jpg,0,0,0,2,2,0.9616159476786008,train
0400806_as-3147284.jpg,2,0,0,0,2,0.4830272085011864,train
0503229_sc-190861.jpg,1,0,0,0,1,0.3649909735499388,train
0121889_as-2981810.jpg,2,0,0,0,2,0.7757876580328241,train
0267272_as-7474309.jpg,1,0,0,1,2,0.6331927338375831,train
0087613_sc-197073.jpg,2,1,0,0,3,0.21874273460832117,train
0339713_sc-162930.jpg,3,0,0,0,3,0.2625978175860815,train
0417637_sc-135432.jpg,2,0,0,1,3,0.6034163571476592,train
0006633_as-0099425.jpg,0,1,1,0,2,0.6722536840374643,train
0112917_as-2735687.jpg,0,0,2,1,3,0.5833949590421527,train
0270658_sc-137794.jpg,2,0,0,0,2,0.4092233576700264,train
0269581_sc-217377.jpg,1,1,0,0,2,0.41281336524950163,train
0128413_sc-1039751.jpg,1,0,0,0,1,0.6765773593509777,train
0260697_sc-157268.jpg,2,0,1,1,4,0.5932196834831318,train
0290643_sc-144026.jpg,2,0,2,0,4,0.4024504915210898,train
0420943_as-7953812.jpg,1,0,0,0,1,0.9808428447563833,train
0338273_as-2937509.jpg,1,1,0,0,2,0.9666677734060126,train
0119535_as-2894130.jpg,3,0,2,1,6,0.01803079119995643,train
0049741_as-0098719.jpg,1,2,1,0,4,0.7593257206029783,train
0346609_sc-227079.jpg,5,0,0,1,6,0.3512155970898485,train
0374229_sc-138195.jpg,1,1,0,0,2,0.5486004374654321,train
0195451_as-0099407.jpg,1,1,5,1,8,0.31997377986371056,train
0063054_sc-207034.jpg,1,0,0,0,1,0.24749339387218405,train
0153611_sc-103946.jpg,3,0,0,0,3,0.8778901577954226,train
0006598_as-2690631.jpg,2,0,0,0,2,0.17016859666020978,train
0450677_sc-171112.jpg,2,0,0,0,2,0.6563375183437883,train
0334252_sc-181056.jpg,2,0,0,1,3,0.8693262500109474,train
0462508_sc-175778.jpg,5,1,1,2,9,0.20759583418742278,train
0380573_as-2568294.jpg,1,2,2,1,6,0.8109016739521208,train
0303794_sc-128740.jpg,3,1,1,0,5,0.32575189562573525,train
0275988_as-0063252.jpg,1,0,0,0,1,0.8298931624982128,train
0416217_sc-182929.jpg,7,0,0,0,7,0.5564996287087024,train
0492573_sc-194429.jpg,0,1,1,0,2,0.9493543951800275,train
0389649_sc-176404.jpg,1,1,0,0,2,0.6931701883488695,train
0034391_as-0100039.jpg,1,0,0,0,1,0.6142825356067231,train
0370852_as-7314585.jpg,1,1,0,0,2,0.909565104883818,train
0370380_sc-148388.jpg,2,0,0,0,2,0.7263450145084156,train
0427203_sc-159085.jpg,0,1,0,0,1,0.3931062715593162,train
0365105_sc-117859.jpg,2,1,0,0,3,0.4466272501148768,train
0022292_as-2827021.jpg,2,0,0,0,2,0.17453876677409264,train
0011626_as-0098584.jpg,3,0,0,0,3,0.6077025962007591,train
0163386_sc-124959.jpg,1,0,0,0,1,0.5681761280595176,train
0196290_sc-215328.jpg,11,0,0,1,12,0.16616417116956872,train
0467691_as-0098859.jpg,2,1,0,0,3,0.04706508923410113,train
0099823_as-7336887.jpg,2,2,0,0,4,0.33540672422553164,train
0316448_as-3081024.jpg,1,1,0,0,2,0.6003156754590406,train
0201566_sc-166402.jpg,17,0,0,0,17,0.5120599467665545,train
0426981_sc-129141.jpg,2,0,0,2,4,0.6332346191129493,train
0049071_sc-179215.jpg,4,0,0,0,4,0.334359547639695,train
0093025_sc-170712.jpg,1,0,0,0,1,0.5313468750605405,train
0320516_as-0098821.jpg,1,1,1,0,3,0.14540686319082885,train
0413509_as-2547434.jpg,1,1,0,0,2,0.2419993258313008,train
0297719_as-0098204.jpg,1,0,0,0,1,0.21011339064785495,train
0230534_as-0094824.jpg,2,0,0,0,2,0.13825936846630804,train
0065842_sc-192098.jpg,2,0,0,0,2,0.8114937255216867,train
0448359_as-0099853.jpg,1,1,0,0,2,0.0074822423688852835,train
0033766_as-3211254.jpg,1,0,0,0,1,0.7523329102715801,train
0348130_sc-229405.jpg,2,0,0,0,2,0.24675082792751912,train
0482111_sc-166506.jpg,1,1,0,0,2,0.1271127743996261,train
0126898_sc-221154.jpg,3,0,2,0,5,0.1747900229017334,train
0016536_as-7422225.jpg,1,3,0,0,4,0.9140176834328233,train
0460247_as-2864365.jpg,2,0,0,0,2,0.8922448059130702,train
0089821_as-2748300.jpg,6,0,0,0,6,0.5243037825795134,train
0013391_as-3095030.jpg,0,1,0,0,1,0.2325642327557491,train
0344816_sc-227503.jpg,4,1,1,1,7,0.9830001539549614,train
0223940_sc-195762.jpg,3,0,1,1,5,0.13522122754382115,train
0221960_as-2829269.jpg,0,0,1,0,1,0.2535417133869313,train
0011162_sc-184836.jpg,1,0,1,0,2,0.6043517561610828,train
0210398_sc-195008.jpg,2,0,0,0,2,0.36679324451127693,train
0172724_sc-136019.jpg,7,0,0,2,9,0.7839871613900928,train
0346823_as-9043324.jpg,6,0,0,0,6,0.3542191232125578,train
0105480_sc-190130.jpg,5,1,1,0,7,0.10131119380998865,train
0306413_sc-155464.jpg,1,0,1,0,2,0.3264288556741427,train
0440019_sc-144471.jpg,3,0,1,2,6,0.497208130246221,train
0288282_sc-154889.jpg,3,1,1,0,5,0.7861685309097144,train
0369887_sc-137109.jpg,4,0,0,0,4,0.7280203779053299,train
0204667_sc-228679.jpg,2,0,0,0,2,0.9522793539754467,train
0166686_as-2555602.jpg,0,0,1,0,1,0.6072305111327795,train
0140519_sc-128584.jpg,0,0,1,0,1,0.23565606420796337,train
0063063_sc-195678.jpg,4,0,0,0,4,0.2745147527653067,train
0157755_sc-138569.jpg,1,0,1,0,2,0.8299346833871978,train
0269023_as-0099571.jpg,1,1,2,1,5,0.8335694495146635,train
0465481_sc-165846.jpg,2,1,1,0,4,0.32796329576499017,train
0059248_sc-132390.jpg,1,0,1,0,2,0.38151129309903564,train
0460132_as-0094678.jpg,2,0,0,0,2,0.05181447877256051,train
0484872_sc-177755.jpg,3,1,0,0,4,0.4103617405373885,train
0002011_as-0097507.jpg,1,0,1,0,2,0.1825259730415565,train
0269880_as-0097997.jpg,2,2,2,4,10,0.2029155885363736,train
0038205_as-3341421.jpg,1,1,0,0,2,0.04649215804844831,train
0077513_as-2875541.jpg,2,2,4,0,8,0.00047117973344246167,train
0049372_as-0098423.jpg,4,1,1,1,7,0.47870042490286835,train
0273651_sc-186445.jpg,6,0,1,0,7,0.4106866677681952,train
0434431_as-0094548.jpg,1,0,0,0,1,0.8880003419727838,train
0233246_sc-148790.jpg,3,1,0,1,5,0.9425243329752491,train
0062344_sc-193043.jpg,1,0,0,0,1,0.5674463927650466,train
0376375_sc-166079.jpg,0,0,1,0,1,0.55633455842115,train
0351648_as-3281256.jpg,0,0,0,2,2,0.08015346115423405,train
0128414_sc-1039751.jpg,1,0,0,0,1,0.06041618232338142,train
0274007_sc-132513.jpg,2,0,1,0,3,0.4400325863890734,train
0426481_sc-145224.jpg,2,1,0,1,4,0.36960402339820486,train
0331142_sc-202059.jpg,1,0,0,0,1,0.6321598209923616,train
0303677_sc-216409.jpg,2,0,0,0,2,0.9039752691216646,train
0475684_as-3163526.jpg,1,0,0,0,1,0.5619273390313538,train
0116621_as-0099662.jpg,1,0,1,0,2,0.1503635620195649,train
0429917_as-0097714.jpg,4,1,1,0,6,0.7749072174532995,train
0369916_sc-126417.jpg,2,0,0,1,3,0.6802006610232265,train
0040215_sc-167972.jpg,0,1,0,0,1,0.7087861797160602,train
0201724_sc-149706.jpg,2,2,1,0,5,0.27738174190322007,train
0307233_sc-177342.jpg,1,0,0,0,1,0.22827421903124667,train
0051632_sc-164684.jpg,1,0,0,0,1,0.9824579645693755,train
0167689_sc-194321.jpg,1,0,0,0,1,0.5300375475443938,train
0485365_sc-130147.jpg,3,0,1,0,4,0.24446336286019588,train
0100647_as-2698561.jpg,1,0,1,1,3,0.0889252276142829,train
0271961_sc-122618.jpg,3,0,0,1,4,0.45796129523804796,train
0480090_sc-134032.jpg,4,0,1,0,5,0.6025224771229506,train
0314690_as-2750224.jpg,0,1,0,0,1,0.3720847543566079,train
0458385_sc-173722.jpg,4,0,0,0,4,0.9890883511985853,train
0073531_as-7191341.jpg,2,2,0,0,4,0.8816120687600093,train
0331661_sc-221060.jpg,1,0,0,0,1,0.7258014998179522,train
0395450_sc-215188.jpg,2,0,1,0,3,0.9268367413058546,train
0221709_sc-172921.jpg,4,1,2,2,9,0.2719457259692366,train
0359094_sc-206072.jpg,1,1,0,0,2,0.5226463704762911,train
0127359_sc-174855.jpg,0,1,0,0,1,0.7980683447198481,train
0316349_sc-128467.jpg,1,0,0,0,1,0.1489008030220429,train
0224026_as-7504305.jpg,0,0,1,0,1,0.6441403499819438,train
0188073_as-3120932.jpg,3,0,1,0,4,0.7017533483003582,train
0153997_as-2724226.jpg,1,0,0,0,1,0.04860487245061573,train
0090263_as-0094842.jpg,4,2,0,2,8,0.27055036280578937,train
0048368_sc-150045.jpg,2,0,0,0,2,0.4695762642196004,train
0278250_sc-200452.jpg,1,0,0,0,1,0.8138483920864505,train
0278090_sc-228835.jpg,1,1,0,0,2,0.6313804564935248,train
0366543_as-2771628.jpg,0,1,2,2,5,0.5323231349794729,train
0392513_sc-156885.jpg,4,1,0,0,5,0.5778956976290699,train
0106715_as-3022393.jpg,4,0,0,0,4,0.755694637328643,train
0157833_as-3454560.jpg,2,0,0,0,2,0.46180893743587614,train
0455603_sc-128227.jpg,1,1,1,0,3,0.5588038077406633,train
0439472_sc-219388.jpg,3,3,1,0,7,0.09376565390002356,train
0206562_as-7584702.jpg,1,0,0,0,1,0.9037597234744335,train
0167690_sc-194321.jpg,4,0,0,0,4,0.03412000204503607,train
0483779_sc-213250.jpg,3,0,0,0,3,0.0185940258482038,train
0310913_as-0098758.jpg,3,1,0,0,4,0.7420861112836183,train
0361269_sc-164037.jpg,2,0,0,1,3,0.4149538058021267,train
0161595_sc-193349.jpg,1,0,0,0,1,0.41118658602790403,train
0050068_sc-186556.jpg,1,0,0,0,1,0.34090965759937597,train
0445969_sc-198278.jpg,1,0,0,0,1,0.49566813929246556,train
0039708_sc-186609.jpg,2,0,1,0,3,0.20316159495264197,train
0113157_sc-213778.jpg,1,0,0,0,1,0.26530294766030726,train
0367964_as-3462818.jpg,1,0,0,0,1,0.7920650100959541,train
0230220_as-3400036.jpg,3,1,0,1,5,0.32087949479174094,train
0435866_as-2582580.jpg,2,0,0,0,2,0.6759744477897208,train
0320134_as-0099340.jpg,1,0,0,0,1,0.5523170283427057,train
0249040_sc-211483.jpg,2,0,0,0,2,0.4987295085140674,train
0426982_sc-129141.jpg,3,0,0,3,6,0.6034216457255431,train
0471821_as-3188130.jpg,1,0,0,0,1,0.07864960761538176,train
0053936_as-2650902.jpg,1,0,0,0,1,0.928327651996581,train
0335422_as-2930234.jpg,1,0,0,0,1,0.9815084615844015,train
0046585_as-2939014.jpg,2,2,2,0,6,0.831069462077736,train
0273912_sc-117076.jpg,2,1,1,0,4,0.7540089094967167,train
0501956_as-2834835.jpg,1,0,1,1,3,0.5472165923167922,train
0335487_as-3459662.jpg,0,1,0,0,1,0.16184040943665035,train
0267781_sc-162261.jpg,3,0,0,0,3,0.40676102635361044,train
0444568_sc-148322.jpg,0,1,1,0,2,0.4439258882672972,train
0072428_as-7476247.jpg,1,1,0,0,2,0.0676769078457069,train
0306220_sc-163180.jpg,1,0,0,0,1,0.4129075432977617,train
0221173_sc-160940.jpg,2,1,0,0,3,0.9269460486199651,train
0472591_sc-161668.jpg,2,1,1,1,5,0.615160543527831,train
0369917_sc-126417.jpg,1,2,0,0,3,0.16990456839587054,train
0102829_sc-157140.jpg,2,0,0,0,2,0.9352386529136412,train
0167456_sc-159602.jpg,1,0,0,0,1,0.3796947437875562,train
0454228_sc-197327.jpg,3,0,0,0,3,0.8273608211656501,train
0501504_sc-118313.jpg,5,1,0,0,6,0.42144398840748,train
0490221_sc-164146.jpg,0,0,0,1,1,0.6464615859122469,train
0019385_as-3083261.jpg,0,1,0,0,1,0.9589368291681616,train
0050420_sc-213209.jpg,2,0,0,0,2,0.005364183332364658,train
0351579_as-3487309.jpg,4,0,0,0,4,0.0587962437124635,train
0365104_sc-117859.jpg,1,0,0,0,1,0.6329350170292413,train
0433020_sc-164047.jpg,1,0,0,0,1,0.13994671144448556,train
0165383_sc-181934.jpg,3,0,2,0,5,0.5843274848751222,train
0335400_sc-163375.jpg,1,0,0,0,1,0.644919013487574,train
0097871_sc-163472.jpg,4,0,0,0,4,0.5452276526886312,train
0217734_as-3380053.jpg,2,0,0,2,4,0.5563272058700595,train
0448399_sc-173570.jpg,5,0,0,0,5,0.054797993019294555,train
0172722_sc-136019.jpg,3,0,0,1,4,0.19213112921221542,train
0117678_as-3113640.jpg,0,1,2,2,5,0.3413018074910966,train
0389831_as-3494918.jpg,1,0,0,0,1,0.6197388373316813,train
0485896_sc-113408.jpg,2,0,0,0,2,0.08579348203367787,train
0235572_sc-105479.jpg,3,0,0,0,3,0.03723519528098951,train
0484874_sc-177755.jpg,3,2,0,0,5,0.33311884318588314,train
0315573_sc-222185.jpg,2,0,1,0,3,0.299136509285004,train
0165763_sc-117740.jpg,2,0,0,0,2,0.3386270938001392,train
0037952_sc-225196.jpg,1,0,1,0,2,0.7113825577801545,train
0402241_sc-133791.jpg,1,0,0,0,1,0.5118706010841997,train
0034183_sc-153279.jpg,3,0,0,0,3,0.959096360616507,train
0498658_sc-213449.jpg,0,0,1,0,1,0.3538068749658245,train
0102626_sc-204032.jpg,4,0,1,0,5,0.8223647518382642,train
0254079_sc-208135.jpg,6,0,0,0,6,0.9237219621452516,train
0138790_sc-176480.jpg,2,1,2,1,6,0.5714604776418676,train
0077601_as-0098095.jpg,2,0,0,0,2,0.30924879219182766,train
0097299_as-2916353.jpg,0,1,2,2,5,0.8349543905336427,train
0502637_sc-126155.jpg,3,0,0,0,3,0.5088008572208605,train
0277312_as-0099848.jpg,2,0,1,1,4,0.9955038935905295,train
0334424_as-0097062.jpg,3,0,0,0,3,0.3689007262829497,train
0288169_sc-157011.jpg,1,0,0,0,1,0.1100699434723954,train
0189628_as-0099438.jpg,2,1,2,0,5,0.27083091478147914,train
0350046_sc-219032.jpg,6,0,0,1,7,0.818878024677015,train
0073219_as-0098942.jpg,1,0,0,1,2,0.6293076228338185,train
0141496_sc-143081.jpg,2,2,0,0,4,0.23822967574632647,train
0111961_sc-169881.jpg,1,0,2,0,3,0.5873417331110307,train
0015745_sc-220289.jpg,0,3,0,0,3,0.7291896069316194,train
0495353_as-7076456.jpg,1,3,0,0,4,0.08335244350117843,train
0253500_sc-219901.jpg,2,0,1,0,3,0.5823338670258995,train
0255246_sc-128571.jpg,7,1,0,0,8,0.9441674140451085,train
0115535_as-7681854.jpg,1,3,0,0,4,0.7728416426910892,train
0073736_as-0097664.jpg,1,0,0,1,2,0.3911336518000965,train
0007211_sc-172188.jpg,5,0,2,0,7,0.41248173008103384,train
0175129_as-3477894.jpg,0,0,1,0,1,0.9916762162017579,train
0123094_sc-147608.jpg,2,0,0,0,2,0.8315563883120924,train
0457739_as-0097729.jpg,1,1,1,0,3,0.7470111934585358,train
0503836_sc-121012.jpg,3,0,0,0,3,0.7530211980935363,train
0295596_as-3002892.jpg,2,0,0,0,2,0.3541743274422947,train
0377258_as-0098068.jpg,2,0,0,0,2,0.5987687744204709,train
0483908_sc-207176.jpg,7,0,0,0,7,0.9637625540680759,train
0272322_as-2798063.jpg,0,1,0,0,1,0.6675718206209459,train
0387065_as-3241286.jpg,0,1,2,2,5,0.16133218342504996,train
0171569_as-2826888.jpg,1,0,0,0,1,0.7347468078875178,train
0154842_sc-113070.jpg,0,0,0,1,1,0.7010164801388332,train
0357663_sc-157033.jpg,6,0,0,0,6,0.529359309358378,train
0269882_as-0097997.jpg,2,3,3,3,11,0.6970140260517798,train
0297756_sc-125441.jpg,0,1,0,0,1,0.4950299542095008,train
0457980_sc-199553.jpg,3,0,0,0,3,0.33506424433793114,train
0407057_as-9023700.jpg,1,0,0,0,1,0.03958951660692278,train
0402242_sc-133791.jpg,3,0,1,0,4,0.7088400713786353,train
0016645_sc-204145.jpg,1,0,0,0,1,0.04219367580022737,train
0040468_sc-134358.jpg,1,0,0,0,1,0.23927096649824486,train
0492091_as-0099411.jpg,1,0,1,0,2,0.2703804718187931,train
0278533_as-0097487.jpg,1,2,3,0,6,0.08034803798543699,train
0081251_sc-173449.jpg,7,0,1,0,8,0.864294044932284,train
0203058_sc-136855.jpg,4,0,2,0,6,0.37801225809524086,train
0148525_sc-127733.jpg,1,1,0,1,3,0.8011579459716437,train
0126204_sc-183321.jpg,5,0,0,0,5,0.982964285516311,train
0213265_as-3264630.jpg,1,0,0,0,1,0.7635867539903332,train
0269024_as-0099571.jpg,0,0,1,0,1,0.38285479560276536,train
0498804_sc-140270.jpg,9,0,2,1,12,0.7059520602677327,train
0127227_as-0094499.jpg,0,2,0,0,2,0.26162749958883424,train
0432306_as-3290465.jpg,2,0,0,1,3,0.9274261049055229,train
0363205_as-7879475.jpg,1,3,0,0,4,0.5869584144710336,train
0229807_sc-179792.jpg,8,0,0,0,8,0.3376434460962787,train
0183219_as-0094802.jpg,2,0,0,0,2,0.8839012552657367,train
0246967_sc-218313.jpg,3,0,0,0,3,0.5572767836169805,train
0220247_as-0099003.jpg,0,1,1,0,2,0.4622844387512979,train
0161509_sc-207821.jpg,6,0,0,0,6,0.5860164973924715,train
0167132_sc-135503.jpg,0,1,0,0,1,0.9655441328250997,train
0453199_as-2873410.jpg,1,0,0,0,1,0.5746653298194767,train
0402716_as-9049408.jpg,2,0,0,0,2,0.9830801493508663,train
0130606_sc-179728.jpg,16,0,0,0,16,0.8124877473087477,train
0450689_as-9068922.jpg,0,0,1,0,1,0.2186385290592806,train
0078773_as-0094855.jpg,3,0,0,0,3,0.2503036654471603,train
0255504_sc-207299.jpg,3,0,0,0,3,0.9875780239262696,train
0447353_as-7029542.jpg,1,0,0,0,1,0.7043656751312648,train
0316968_as-3384078.jpg,0,0,1,0,1,0.8029267628063832,train
0104021_as-2707478.jpg,2,2,1,0,5,0.3910968652978255,train
0311779_as-7906029.jpg,4,3,0,2,9,0.12949113162908266,train
0211742_as-2534423.jpg,1,1,0,0,2,0.5512281010314262,train
0363091_sc-132398.jpg,6,0,1,0,7,0.08733505749101,train
0392940_sc-138817.jpg,1,0,0,0,1,0.19182018153922098,train
0147198_sc-127164.jpg,2,0,0,2,4,0.4941909212960909,train
0449686_as-9073870.jpg,1,1,0,0,2,0.3902931182915984,train
0052551_as-0098672.jpg,3,0,0,0,3,0.25441783152727127,train
0262262_sc-192510.jpg,0,1,2,0,3,0.735132121243771,train
0255300_sc-197647.jpg,1,0,1,1,3,0.21465602802382688,train
0432282_sc-167386.jpg,1,0,0,0,1,0.4351195311846435,train
0329990_sc-175030.jpg,0,0,1,0,1,0.9385314356642952,train
0263517_as-0097896.jpg,4,1,0,0,5,0.49826339845283596,train
0012009_as-9052974.jpg,6,0,0,0,6,0.9995633477776519,train
0017645_sc-103725.jpg,8,0,0,0,8,0.168956567779737,train
0369940_sc-148576.jpg,4,0,0,0,4,0.966650483064064,train
0454841_sc-176308.jpg,1,0,0,0,1,0.4651078804476543,train
0327762_sc-198391.jpg,2,0,1,1,4,0.10297124205921593,train
0022304_as-0099814.jpg,1,0,0,0,1,0.02089572136988327,train
0006637_as-0099425.jpg,2,1,2,1,6,0.6518659303838176,train
0432998_sc-133026.jpg,3,0,0,0,3,0.3934292752621721,train
0385267_sc-118015.jpg,2,0,0,0,2,0.3689434607791662,train
0111411_sc-167108.jpg,3,0,0,0,3,0.43659957095910285,train
0188888_as-0099755.jpg,0,1,0,0,1,0.297575498882922,train
0120139_sc-194608.jpg,1,0,0,0,1,0.7516945848350902,train
0384403_sc-160748.jpg,9,0,0,0,9,0.7348052049663732,train
0148324_sc-154448.jpg,3,1,1,0,5,0.7052013209540315,train
0297408_as-2769631.jpg,6,0,0,0,6,0.564900268630427,train
0410402_as-2810020.jpg,0,1,0,0,1,0.62052451090422,train
0095186_sc-156939.jpg,2,0,0,0,2,0.7267588580796308,train
0146453_as-0097744.jpg,2,0,0,0,2,0.11430084476081803,train
0324163_sc-222450.jpg,0,1,0,0,1,0.316343733169272,train
0114003_sc-169274.jpg,0,0,1,0,1,0.8565673718414047,train
0363073_as-3401195.jpg,0,0,2,1,3,0.8458529690409823,train
0492301_sc-184423.jpg,0,1,0,0,1,0.7729979707593755,train
0205539_as-2554462.jpg,0,0,1,0,1,0.958209139177544,train
0441954_as-0098390.jpg,1,0,0,0,1,0.6741923878605037,train
0191776_sc-171831.jpg,1,0,0,0,1,0.14211083457253026,train
0035820_as-2937017.jpg,3,0,0,0,3,0.4841417452546405,train
0238477_sc-227181.jpg,0,1,0,0,1,0.026228408596005393,train
0176362_sc-181235.jpg,8,0,0,0,8,0.14686022335903137,train
0011306_sc-133499.jpg,0,1,0,0,1,0.4747876516836296,train
0293264_sc-150329.jpg,1,0,1,1,3,0.9400790478238423,train
0453003_as-3115203.jpg,4,0,0,0,4,0.16105877039158467,train
0071748_sc-114926.jpg,2,0,1,0,3,0.6115953030979865,train
0180925_sc-174954.jpg,2,1,0,0,3,0.22215358421778852,train
0147599_sc-145735.jpg,2,0,0,0,2,0.7412747485043454,train
0251758_as-0099709.jpg,3,0,0,1,4,0.5126365991530588,train
0011570_as-7872658.jpg,1,0,0,0,1,0.04429452708630033,train
0416603_sc-142751.jpg,2,0,0,0,2,0.5353605896659703,train
0304476_sc-163429.jpg,1,0,0,0,1,0.12142381795658397,train
0119237_as-0094674.jpg,0,0,0,1,1,0.19793498012810729,train
0272048_sc-168007.jpg,1,0,0,0,1,0.5439613640860379,train
0216161_sc-154091.jpg,2,0,0,0,2,0.5133665172879245,train
0098872_as-7926912.jpg,4,3,0,2,9,0.9539674672989121,train
0302983_as-3333531.jpg,1,0,0,0,1,0.1086501956567012,train
0423988_as-0094440.jpg,1,0,0,0,1,0.2250028297474551,train
0412639_sc-193642.jpg,1,0,0,0,1,0.918717147035011,train
0128879_as-2769932.jpg,4,0,0,0,4,0.7483259177108625,train
0156736_sc-229018.jpg,1,1,2,2,6,0.8617951849790865,train
0460492_as-3437259.jpg,2,1,2,1,6,0.07101704238244566,train
0395351_as-7311580.jpg,1,0,0,0,1,0.8583457689548071,train
0167936_sc-197322.jpg,2,0,0,0,2,0.09517891585640226,train
0006937_as-7036281.jpg,2,2,0,0,4,0.228033430632402,train
0174272_sc-201859.jpg,2,0,0,0,2,0.6082495569647511,train
0440635_as-3168255.jpg,0,0,2,1,3,0.3453332834127346,train
0092637_as-7428864.jpg,1,3,0,0,4,0.9823867079677959,train
0027447_as-0063574.jpg,3,0,0,0,3,0.06061254152351703,train
0186863_sc-154851.jpg,1,1,0,0,2,0.2651073210268088,train
0208917_sc-130487.jpg,7,0,0,0,7,0.5387565215504201,train
0398609_sc-139776.jpg,4,0,1,1,6,0.5324135164503915,train
0502658_sc-172013.jpg,0,1,2,0,3,0.09286791635115377,train
0182288_as-7836327.jpg,1,1,0,0,2,0.16263685236647585,train
0357048_as-2517003.jpg,1,1,0,0,2,0.8498476116720506,train
0481584_sc-116129.jpg,2,1,0,0,3,0.9430613915253433,train
0437460_sc-227926.jpg,2,0,0,0,2,0.5406537827917566,train
0066707_as-2933982.jpg,1,0,0,0,1,0.7951043059676902,train
0170525_sc-222945.jpg,1,0,0,0,1,0.33594116975236354,train
0102627_sc-204032.jpg,0,1,0,0,1,0.9330174916794346,train
0065339_as-2724041.jpg,1,0,0,0,1,0.7268067805380721,train
0452841_as-2622640.jpg,0,1,2,1,4,0.6923160295240992,train
0436145_as-0099845.jpg,3,0,0,0,3,0.5485542445244482,train
0466842_as-0049406.jpg,0,1,0,0,1,0.07509793154302147,train
0468338_as-0098735.jpg,1,1,1,0,3,0.6509370631320601,train
0282347_as-0099429.jpg,1,0,1,1,3,0.3930776616805841,train
0363100_sc-108049.jpg,1,1,0,0,2,0.7008954661201683,train
0480853_sc-222285.jpg,0,1,0,0,1,0.5618970155451627,train
0408840_as-0094811.jpg,1,1,0,0,2,0.15607887820517197,train
0034390_as-0100039.jpg,2,1,0,0,3,0.6546466252830462,train
0195189_as-2753178.jpg,4,0,0,0,4,0.12350358859865995,train
0119593_as-3095130.jpg,0,1,0,0,1,0.5598901410843486,train
0378549_sc-215002.jpg,2,0,0,0,2,0.21274096365511042,train
0214891_as-2509774.jpg,0,1,2,1,4,0.9012763504238965,train
0232365_sc-217867.jpg,0,1,0,0,1,0.4748847559806044,train
0356949_as-2518439.jpg,0,0,1,0,1,0.5681720944877637,train
0109132_sc-123458.jpg,0,0,0,1,1,0.015174530973466882,train
0113721_as-3089247.jpg,1,0,0,0,1,0.992519315552751,train
0447647_sc-228447.jpg,5,0,0,0,5,0.6128036398226085,train
0448782_sc-226410.jpg,0,1,0,0,1,0.8430455564262254,train
0068560_sc-130206.jpg,1,0,0,1,2,0.5386437750744755,train
0197808_sc-1024188.jpg,4,1,2,0,7,0.05696241629951315,train
0366850_sc-144758.jpg,0,2,0,0,2,0.5731143801870503,train
0190653_as-3068762.jpg,0,0,1,0,1,0.7731212643534235,train
0226325_as-2892893.jpg,1,0,0,0,1,0.9315012268337084,train
0423174_sc-226291.jpg,2,0,0,0,2,0.8609199026701692,train
0138633_sc-125206.jpg,0,1,0,0,1,0.1260169136150946,train
0390558_sc-155537.jpg,1,0,0,0,1,0.10416413521102974,train
0252438_as-0100116.jpg,0,2,1,1,4,0.8755606689461284,train
0393710_as-0098488.jpg,2,0,0,1,3,0.8357269268894117,train
0307730_as-2817585.jpg,1,1,0,0,2,0.6046979157281159,train
0057279_sc-199603.jpg,0,1,0,0,1,0.15657571050714336,train
0203933_as-3377655.jpg,2,0,0,0,2,0.3187407854365306,train
0050387_sc-211486.jpg,5,0,0,0,5,0.25261234279312283,train
0338425_sc-191275.jpg,1,0,0,0,1,0.7365592524490886,train
0251838_as-0099013.jpg,1,0,0,1,2,0.5306652804446986,train
0395616_as-0094638.jpg,3,0,0,0,3,0.22523496165819223,train
0207587_sc-175888.jpg,2,0,0,0,2,0.9559085326684421,train
0231086_sc-171137.jpg,3,1,0,0,4,0.4450328667590687,train
0075005_as-2513231.jpg,0,0,1,0,1,0.7210418845703336,train
0469470_as-2681668.jpg,0,1,0,0,1,0.44815901037132555,train
0476241_sc-126254.jpg,0,1,1,0,2,0.5768967467438166,train
0364309_sc-128647.jpg,5,0,1,0,6,0.1008078026593634,train
0002006_sc-122856.jpg,1,0,0,0,1,0.7863272858866196,train
0342147_as-0100098.jpg,1,0,1,1,3,0.18293863555022305,train
0105968_sc-154307.jpg,1,0,1,1,3,0.27335116845790164,train
0484855_as-2619947.jpg,1,0,0,0,1,0.5105657407934153,train
0219448_as-7036664.jpg,4,3,0,2,9,0.8763646556823823,train
0490586_sc-129867.jpg,8,1,4,2,15,0.381037912642084,train
0085529_sc-109377.jpg,6,0,0,0,6,0.3937425075433332,train
0260237_sc-152491.jpg,2,2,3,1,8,0.25010175696050496,train
0186022_sc-229494.jpg,0,1,1,0,2,0.6970589703102672,train
0489807_sc-143735.jpg,2,0,0,2,4,0.6156815020378034,train
0483780_sc-213250.jpg,1,0,0,0,1,0.9115830815329595,train
0272786_sc-108145.jpg,2,4,5,1,12,0.058421648349306854,train
0212314_as-3450644.jpg,3,0,2,1,6,0.1502116609770967,train
0369937_sc-148576.jpg,1,0,0,0,1,0.7454595650022363,train
0021523_sc-226233.jpg,1,0,1,0,2,0.37580598824334377,train
0422101_as-0100120.jpg,3,0,1,1,5,0.7834026225586433,train
0063158_sc-155544.jpg,1,1,0,0,2,0.9945116261215103,train
0089360_as-2771048.jpg,4,1,0,0,5,0.5664117699758141,train
0100144_sc-181174.jpg,4,1,1,0,6,0.8016005899464812,train
0133765_as-2831301.jpg,4,1,0,1,6,0.8804985823680874,train
0425714_as-7231162.jpg,1,1,0,0,2,0.827863651350533,train
0416604_sc-142751.jpg,7,0,0,0,7,0.007453029413126422,train
0147199_sc-127164.jpg,5,0,0,3,8,0.7398604771240114,train
0385558_sc-113427.jpg,2,2,1,0,5,0.22679344574787608,train
0281633_sc-200560.jpg,0,0,1,0,1,0.3827061652777416,train
0230181_sc-208427.jpg,2,1,1,0,4,0.8665962023458792,train
0123911_sc-227390.jpg,2,0,1,0,3,0.5090537832288479,train
0037437_as-3018983.jpg,0,1,0,0,1,0.34896708391984377,train
0072982_sc-113044.jpg,2,2,0,0,4,0.9960088075700319,train
0435388_sc-159499.jpg,1,0,0,0,1,0.2321249849716105,train
0307719_as-0097071.jpg,1,0,0,0,1,0.7107346751945716,train
0436146_as-0099845.jpg,3,1,0,0,4,0.036103403411334445,train
0287136_as-7925313.jpg,1,1,0,0,2,0.3175779247841989,train
0350658_sc-221485.jpg,2,0,0,2,4,0.32816466219267915,train
0488166_as-3395798.jpg,0,0,1,0,1,0.8710788148446708,train
0140815_sc-183695.jpg,0,0,1,0,1,0.6683699322348373,train
0271625_as-7643182.jpg,1,1,0,0,2,0.5029213871187616,train
0499132_sc-111154.jpg,1,0,0,0,1,0.5087168167603988,train
0467036_sc-225750.jpg,0,0,1,0,1,0.04837843347161708,train
0338663_sc-133510.jpg,2,0,1,1,4,0.06091206009967565,train
0125824_sc-136764.jpg,3,0,0,0,3,0.8774934780906878,train
0130669_sc-141791.jpg,6,1,0,0,7,0.4859856003736931,train
0000459_sc-226797.jpg,0,0,1,0,1,0.43078577934877116,train
0248784_sc-141225.jpg,3,0,0,0,3,0.8120368165937979,train
0181361_as-0097812.jpg,1,0,0,0,1,0.9319839351722746,train
0129728_sc-130028.jpg,0,1,1,0,2,0.6983565843883167,train
0256992_sc-156167.jpg,0,0,1,0,1,0.880286369082589,train
0274006_sc-132513.jpg,1,0,0,0,1,0.7264446060011579,train
0504606_sc-103986.jpg,2,0,1,0,3,0.2462155168405915,train
0492302_sc-184423.jpg,0,1,0,0,1,0.39149896922259375,train
0188860_sc-228478.jpg,1,1,0,0,2,0.19009814069038877,train
0427729_sc-150039.jpg,1,0,1,0,2,0.05139555561422782,train
0341022_as-2692148.jpg,3,0,1,1,5,0.8622262819715673,train
0365663_as-7959071.jpg,1,1,0,0,2,0.6267278554729636,train
0128711_as-0099060.jpg,3,0,0,0,3,0.5524873982357226,train
0429983_sc-223095.jpg,1,1,1,0,3,0.5829886631697139,train
0491211_sc-171862.jpg,2,0,0,1,3,0.6347684627028185,train
0182480_sc-111865.jpg,2,0,0,1,3,0.24119974421704415,train
0416462_sc-165848.jpg,1,1,0,0,2,0.08862979892871614,train
0133706_sc-147416.jpg,2,0,0,0,2,0.16569379524810657,train
0228232_sc-226751.jpg,2,0,1,0,3,0.6911234000169982,train
0376413_sc-152469.jpg,0,0,1,1,2,0.20201603542267765,train
0051520_as-2578479.jpg,0,0,1,0,1,0.49607451796173097,train
0365107_sc-117859.jpg,1,1,0,0,2,0.7299450355170286,train
0309538_as-0098460.jpg,2,0,0,0,2,0.6074646838758696,train
0470361_sc-145728.jpg,5,0,0,0,5,0.35418532432198857,train
0451427_sc-140098.jpg,3,0,0,0,3,0.6551585816129706,train
0294920_sc-213828.jpg,1,0,0,0,1,0.7019982741854605,train
0321423_sc-189759.jpg,1,0,0,0,1,0.5599692535635874,train
0434299_sc-125105.jpg,1,0,2,0,3,0.607174494576292,train
0163828_sc-212354.jpg,4,1,0,0,5,0.5722312941497849,train
0086195_sc-228754.jpg,3,0,0,1,4,0.015438546626853733,train
0297485_sc-159059.jpg,6,2,3,0,11,0.46861569629346156,train
0242496_sc-103848.jpg,0,0,1,0,1,0.627722182415554,train
0231379_sc-143828.jpg,1,1,1,0,3,0.14076573905877066,train
0455456_sc-179835.jpg,1,0,0,0,1,0.22814570717435978,train
0309203_sc-221008.jpg,1,0,0,0,1,0.05067336448961279,train
0356734_as-0098083.jpg,1,0,3,0,4,0.8123120340154257,train
0112256_sc-148528.jpg,10,0,0,0,10,0.899333041617509,train
0402355_as-0094167.jpg,0,0,1,0,1,0.12782119481009246,train
0470036_sc-118646.jpg,2,0,0,0,2,0.9407945656011931,train
0171003_sc-204525.jpg,1,0,1,0,2,0.007029045074259832,train
0349939_as-2753180.jpg,1,0,1,1,3,0.8014066282621147,train
0229190_as-7427517.jpg,0,0,1,0,1,0.49937004826760345,train
0271398_sc-228837.jpg,2,0,0,0,2,0.4616569691598117,train
0193221_as-2602257.jpg,1,1,0,0,2,0.3953672120295667,train
0378768_sc-203922.jpg,1,0,0,0,1,0.5711630132631785,train
0153612_sc-103946.jpg,3,0,0,0,3,0.40040845887865706,train
0192738_sc-168325.jpg,1,0,0,0,1,0.9676909637404729,train
0267936_sc-174167.jpg,4,0,0,0,4,0.34318466461856456,train
0429307_as-3444582.jpg,2,2,1,0,5,0.15543996858994336,train
0484948_sc-132079.jpg,2,0,0,0,2,0.5727161167425797,train
0370381_sc-148388.jpg,1,0,0,0,1,0.2560019841943221,train
0261973_sc-137157.jpg,1,0,0,0,1,0.39310022557041757,train
0075976_as-7636651.jpg,1,0,0,0,1,0.1639669420977249,train
0383270_as-3050722.jpg,1,0,0,0,1,0.8645186069045696,train
0364377_sc-118980.jpg,1,0,0,0,1,0.8633254824728432,train
0011321_sc-211697.jpg,0,1,0,0,1,0.4362923237150045,train
0146581_as-7952844.jpg,1,1,0,0,2,0.25944204705502905,train
0427273_as-2571088.jpg,1,0,0,1,2,0.39839333861236714,train
0299435_sc-190081.jpg,6,0,0,0,6,0.2560083510334681,train
0178072_as-3240446.jpg,1,0,0,0,1,0.6228026110304504,train
0228835_sc-222398.jpg,0,1,0,0,1,0.6542695041046117,train
0285908_sc-195748.jpg,1,0,0,0,1,0.43113334623361144,train
0156158_as-7516439.jpg,1,0,0,0,1,0.38020440282488055,train
0421739_sc-153008.jpg,3,0,1,0,4,0.02870845701810243,train
0029929_sc-225700.jpg,2,0,0,0,2,0.44718210141102754,train
0426653_sc-225074.jpg,0,0,0,1,1,0.4473276090459629,train
0146454_as-0097744.jpg,1,1,1,0,3,0.38622524963042704,train
0177539_as-2960805.jpg,0,1,0,0,1,0.3811572794174919,train
0083334_sc-137579.jpg,1,0,1,0,2,0.2021953523384067,train
0292443_as-7909095.jpg,4,3,0,2,9,0.27871702617488936,train
0009983_sc-121870.jpg,0,1,1,0,2,0.7172126232566524,train
0462753_sc-164022.jpg,2,0,0,1,3,0.12139121207542591,train
0100731_sc-212223.jpg,2,0,1,1,4,0.7279185999597817,train
0132489_sc-165095.jpg,0,1,0,0,1,0.7032482134167093,train
0155736_sc-152883.jpg,0,1,0,0,1,0.3841933273088327,train
0445625_sc-176116.jpg,2,0,0,0,2,0.6534154858982072,train
0089729_sc-151476.jpg,2,1,0,0,3,0.38832475246935116,train
0100019_sc-176911.jpg,2,0,0,0,2,0.39676739773781056,train
0210397_sc-195008.jpg,2,0,0,0,2,0.6846753175151042,train
0455317_sc-164413.jpg,1,0,0,0,1,0.9629532509285245,train
0169923_as-0094630.jpg,2,2,2,2,8,0.7142072248445155,train
0047038_as-3200007.jpg,0,0,0,2,2,0.28706771035693246,train
0313721_as-0098970.jpg,1,0,0,0,1,0.8421588225162864,train
0488255_as-2688657.jpg,1,0,0,0,1,0.8873303296971282,train
0116123_sc-171689.jpg,2,0,0,0,2,0.7817323998430792,train
0429133_sc-174159.jpg,7,0,0,1,8,0.9656365775425412,train
0333394_sc-225050.jpg,4,1,0,0,5,0.9842582452816924,train
0472180_sc-168192.jpg,1,0,0,0,1,0.8794941712559576,train
0184326_as-7795375.jpg,1,1,0,0,2,0.85187879019496,train
0146583_sc-176966.jpg,3,1,1,0,5,0.16255242516101487,train
0334047_sc-156179.jpg,12,1,0,0,13,0.013495741421683527,train
0077053_sc-158548.jpg,2,1,0,0,3,0.16232635124709405,train
0010530_sc-202220.jpg,2,0,0,1,3,0.13777331889045885,train
0184635_sc-110851.jpg,1,2,1,0,4,0.9655602704701949,train
0075526_as-2570026.jpg,4,0,0,0,4,0.8759324522716304,train
0070164_as-0098356.jpg,1,0,1,1,3,0.008177874317892408,train
0415750_sc-208136.jpg,4,0,0,0,4,0.5442472334774091,train
0413686_sc-170052.jpg,2,0,0,0,2,0.4882076407296111,train
0276494_as-0100133.jpg,2,1,2,0,5,0.047161459890770474,train
0415393_sc-168358.jpg,1,0,0,0,1,0.39612069170690056,train
0252921_sc-158907.jpg,5,1,0,0,6,0.744157425226954,train
0434298_sc-125105.jpg,5,1,0,0,6,0.8154819991385377,train
0044167_sc-133297.jpg,1,0,0,0,1,0.34163201025376355,train
0295963_as-0099778.jpg,2,0,1,1,4,0.30145710798818504,train
0425723_sc-191827.jpg,6,0,0,0,6,0.15362402522712104,train
0302623_as-2793060.jpg,6,0,0,0,6,0.5553484426567695,train
0480852_sc-222285.jpg,0,1,0,0,1,0.9245639269195473,train
0160583_as-0098051.jpg,1,0,0,0,1,0.6868988322704884,train
0386212_as-2801540.jpg,0,0,1,0,1,0.9601246274121096,train
0164753_as-2648487.jpg,1,0,0,0,1,0.5250495645558808,train
0133619_as-7938229.jpg,1,0,0,0,1,0.0973976693825449,train
0018551_sc-227131.jpg,2,0,0,0,2,0.9365379205332462,train
0468130_sc-149544.jpg,1,0,0,1,2,0.6101325680944464,train
0496050_sc-180963.jpg,1,0,0,0,1,0.07625118995811953,train
0065021_sc-200578.jpg,1,0,1,0,2,0.019324403357045772,train
0250112_as-0098728.jpg,1,0,0,0,1,0.13683686009561213,train
0262266_sc-192510.jpg,2,0,1,0,3,0.7731342990564408,train
0369918_sc-126417.jpg,1,0,0,0,1,0.8746768541271804,train
0015899_sc-1025464.jpg,1,0,0,0,1,0.7241637922681223,train
0246966_sc-218313.jpg,3,0,0,1,4,0.3512948215794448,train
0065055_sc-221618.jpg,3,0,0,0,3,0.0649214925707493,train
0306713_as-3083093.jpg,1,0,0,0,1,0.13466531485831335,train
0423985_as-0094440.jpg,0,1,0,0,1,0.42563841999675833,train
0481934_as-0094388.jpg,2,0,0,0,2,0.22936309646315345,train
0374230_sc-138195.jpg,1,1,1,0,3,0.08293423662864852,train
0253346_as-3118649.jpg,7,0,0,0,7,0.013813436457196016,train
0191281_sc-227817.jpg,2,0,1,0,3,0.029117611596660598,train
0316295_sc-161479.jpg,4,0,0,0,4,0.7935179567607281,train
0249202_as-3421364.jpg,1,1,0,0,2,0.5783283610230232,train
0195326_sc-166085.jpg,1,1,0,0,2,0.239085881859744,train
0334673_sc-189198.jpg,2,0,0,0,2,0.3681716100442387,train
0070087_sc-184967.jpg,0,0,3,0,3,0.9038036349130899,train
0114111_as-0094781.jpg,1,0,0,1,2,0.5060719264064304,train
0282645_sc-158575.jpg,1,0,0,0,1,0.9775623446160164,train
0055609_as-3062590.jpg,0,1,0,0,1,0.3322572002778268,train
0347724_sc-134462.jpg,1,0,1,0,2,0.011482773378969635,train
0146593_sc-155434.jpg,2,0,0,0,2,0.6069396191823428,train
0001146_sc-149689.jpg,0,1,0,0,1,0.31595558259418943,train
0020294_sc-116673.jpg,1,0,0,0,1,0.36144415192408685,train
0470860_as-3469225.jpg,2,0,0,0,2,0.5789657386450977,train
0407975_sc-195538.jpg,1,1,0,0,2,0.2762481000082252,train
0361251_as-0098629.jpg,5,1,3,0,9,0.18365152857757883,train
0039195_sc-152350.jpg,2,1,0,1,4,0.893972060804522,train
0022303_as-0099814.jpg,1,0,0,0,1,0.4671380215572519,train
0452762_sc-206800.jpg,2,0,0,0,2,0.7703728515564425,train
0216307_as-9099038.jpg,1,0,0,0,1,0.2375478942565571,train
0226439_sc-1039426.jpg,0,0,0,2,2,0.5044609716672921,train
0365012_sc-129146.jpg,1,0,0,0,1,0.8545600718115607,train
0281634_sc-200560.jpg,0,0,1,0,1,0.9705750261942735,train
0304997_as-3410094.jpg,3,0,0,0,3,0.3619196876592241,train
0090298_sc-167797.jpg,1,0,0,0,1,0.7197012304846216,train
0153549_sc-210968.jpg,1,0,2,0,3,0.5593080843545573,train
0321962_sc-206062.jpg,5,0,1,4,10,0.3599058665923335,train
0095185_sc-156939.jpg,2,0,0,0,2,0.8085544116306357,train
0271142_as-7148895.jpg,1,1,0,0,2,0.5256018565150398,train
0121983_sc-199082.jpg,1,1,1,0,3,0.27063800858841536,train
0119042_sc-104934.jpg,4,0,0,0,4,0.1791984995904602,train
0068036_sc-156387.jpg,1,1,1,0,3,0.44596126122543356,train
0250391_sc-221583.jpg,3,1,0,0,4,0.8545058379254559,train
0334829_as-3032068.jpg,2,0,0,0,2,0.6360231811816728,train
0046600_sc-109869.jpg,0,0,0,1,1,0.34638258540717404,train
0453764_sc-130814.jpg,1,0,0,0,1,0.3468150608513145,train
0114811_sc-182966.jpg,5,0,0,0,5,0.7610054249395422,train
0057578_as-0098080.jpg,1,0,0,0,1,0.9792522369161921,train
0044168_sc-133297.jpg,2,0,0,0,2,0.46624620401659866,train
0294510_as-2705339.jpg,1,0,0,0,1,0.5450292438115139,train
0129387_as-7315279.jpg,1,3,0,0,4,0.7840626674464787,train
0250749_as-2702050.jpg,0,0,1,0,1,0.24818754107981322,train
0365725_as-2531146.jpg,2,0,0,1,3,0.6863316059936276,train
0296182_sc-227015.jpg,2,1,0,0,3,0.6849180546465333,train
0003420_sc-138198.jpg,2,0,0,4,6,0.29754258044709025,train
0492722_as-3438925.jpg,1,0,1,1,3,0.5999289027860386,train
0431984_sc-160942.jpg,0,0,1,0,1,0.9776914234376017,train
0435116_sc-194974.jpg,2,0,1,1,4,0.6900330883142941,train
0273100_sc-171536.jpg,3,0,2,1,6,0.17557109301440688,train
0129952_as-0099897.jpg,0,2,0,0,2,0.4419094087848796,train
0315331_as-3206512.jpg,6,0,0,0,6,0.2009302480112617,train
0245457_sc-129144.jpg,4,0,1,0,5,0.3139697838455401,train
0194616_sc-196190.jpg,0,0,2,0,2,0.23365395594636673,train
0393231_as-0098168.jpg,1,1,2,0,4,0.5174017109458535,train
0125390_as-7509711.jpg,1,0,0,1,2,0.759040642399504,train
0166707_sc-128848.jpg,7,0,2,1,10,0.6346564688696025,train
0105995_sc-199692.jpg,3,0,0,0,3,0.32439326710418626,train
0390559_sc-155537.jpg,2,0,0,0,2,0.31066148669446547,train
0155432_sc-212614.jpg,5,0,3,1,9,0.42320775102853625,train
0437126_sc-165076.jpg,4,2,3,0,9,0.836614335210391,train
0394017_as-2761544.jpg,2,0,0,0,2,0.9085250351434685,train
0226813_sc-118967.jpg,1,0,1,1,3,0.8906695077133234,train
0482995_as-7193575.jpg,1,0,0,0,1,0.3467942696844065,train
0240058_as-0099586.jpg,2,0,0,0,2,0.1963801393261151,train
0032627_as-7542464.jpg,1,0,0,0,1,0.10916687190707819,train
0042439_sc-116392.jpg,1,0,0,0,1,0.12430028117784886,train
0253593_as-0098643.jpg,1,0,0,0,1,0.8279862534674792,train
0276496_as-0100133.jpg,3,1,4,0,8,0.432281712483063,train
0481854_as-3363477.jpg,1,0,0,0,1,0.46839169120354796,train
0003951_as-0097459.jpg,3,0,0,0,3,0.9024652001719936,train
0031722_sc-130933.jpg,2,0,1,1,4,0.5761757031528433,train
0338341_as-0098841.jpg,10,8,2,2,22,0.7075743864528526,train
0383740_sc-117892.jpg,4,0,0,0,4,0.9649389019024547,train
0442013_sc-193592.jpg,1,1,0,0,2,0.17621601517653285,train
0129649_as-0100082.jpg,3,1,2,1,7,0.15281572273615318,train
0287373_sc-208904.jpg,0,2,1,0,3,0.5101609513516341,train
0297718_as-0098204.jpg,1,0,0,0,1,0.8063380173272451,train
0055710_sc-154210.jpg,2,0,1,0,3,0.25303172946893193,train
0176963_sc-165336.jpg,4,0,0,0,4,0.9514483466878878,train
0411545_as-0094462.jpg,3,2,0,0,5,0.17876733552948065,train
0105230_sc-183329.jpg,3,0,0,1,4,0.3809542629190914,train
0397270_sc-160821.jpg,1,0,0,0,1,0.6671703263274568,train
0321826_as-3272156.jpg,2,0,0,0,2,0.3319639300953594,train
0437521_as-0098318.jpg,1,0,1,1,3,0.20193770647440623,train
0495571_as-0098945.jpg,1,0,0,0,1,0.25732088335582737,train
0114108_as-3138445.jpg,1,0,0,0,1,0.3762598635503692,train
0461513_as-9094611.jpg,1,0,0,0,1,0.4544078259656802,train
0232844_sc-209284.jpg,1,0,0,0,1,0.9952463680081746,train
0254456_as-0099576.jpg,2,0,0,0,2,0.9408900517686039,train
0262389_as-2871938.jpg,2,1,2,1,6,0.21398380319204025,train
0291766_sc-179415.jpg,2,0,0,0,2,0.21456113544305,train
0484398_as-0097589.jpg,1,0,1,0,2,0.09392271385776707,train
0035048_sc-136352.jpg,2,2,0,0,4,0.6683178395327323,train
0275992_as-0098958.jpg,2,0,0,0,2,0.36504860610582746,train
0017481_as-3402111.jpg,2,2,1,0,5,0.4207269126826879,train
0267782_sc-162261.jpg,4,0,0,0,4,0.07149978454651751,train
0489115_as-3410795.jpg,2,0,0,0,2,0.55142662310254,train
0109131_sc-123458.jpg,2,0,0,0,2,0.026322931575237685,train
0256993_sc-156167.jpg,2,1,2,0,5,0.8892114057672255,train
0050009_sc-226443.jpg,1,0,0,0,1,0.4286882058138196,train
0180717_sc-143063.jpg,3,0,0,0,3,0.07157546150907845,train
0104452_sc-129393.jpg,1,0,1,0,2,0.04665519856348077,train
0421740_sc-153008.jpg,2,0,0,0,2,0.15413200713388553,train
0298478_sc-214669.jpg,1,0,0,0,1,0.293392045230088,train
0029131_sc-190285.jpg,0,1,0,0,1,0.05842711791537003,train
0267935_sc-174167.jpg,5,0,0,0,5,0.38446131744789813,train
0029760_sc-168365.jpg,1,0,0,0,1,0.5804345799422576,train
0079838_as-3060976.jpg,3,1,1,0,5,0.21057017292189784,train
0377719_sc-178066.jpg,2,0,0,0,2,0.2528501542661751,train
0034815_sc-143978.jpg,3,0,0,0,3,0.36918473102689964,train
0228613_as-0062902.jpg,4,1,1,2,8,0.9708867875061469,train
0395846_as-0098755.jpg,1,0,0,0,1,0.23308436613893158,train
0453107_sc-197637.jpg,1,0,0,0,1,0.7724575925983931,train
0236550_as-2596435.jpg,0,0,1,0,1,0.13573033701614556,train
0378392_as-2712881.jpg,0,1,0,0,1,0.26306721178529713,train
0466261_as-0099965.jpg,2,0,0,1,3,0.6603247708229124,train
0212877_as-2560884.jpg,0,0,0,2,2,0.2521502809545385,train
0262474_as-7098861.jpg,1,1,0,0,2,0.6980947047700786,train
0420308_as-7935039.jpg,1,0,0,0,1,0.8145897152874526,train
0024555_sc-153378.jpg,1,0,0,0,1,0.24276118314871542,train
0135768_sc-162240.jpg,2,0,0,0,2,0.2695794837125488,train
0456024_as-2723808.jpg,2,0,0,0,2,0.5609853991295967,train
0430752_sc-170537.jpg,2,0,0,1,3,0.39717883131657594,train
0244984_sc-177462.jpg,3,0,1,2,6,0.18175829261722487,train
0334046_sc-156179.jpg,11,1,2,1,15,0.832263510220217,train
0261645_sc-159128.jpg,0,2,0,0,2,0.9893390919272708,train
0024556_sc-153378.jpg,1,0,0,0,1,0.6184357229650617,train
0097870_sc-163472.jpg,3,0,0,0,3,0.060964081527083214,train
0128712_as-0099060.jpg,3,0,0,0,3,0.106810178835413,train
0427728_sc-150039.jpg,1,0,0,0,1,0.8867864413551085,train
0067237_sc-144875.jpg,2,1,0,0,3,0.3240787923331203,train
0215331_sc-159546.jpg,4,0,0,0,4,0.4145570737396188,train
0493920_sc-203041.jpg,1,0,0,0,1,0.525677766065394,train
0292789_sc-139597.jpg,2,0,0,0,2,0.3284483672603662,train
0485664_as-0098185.jpg,1,0,0,0,1,0.03445701449999372,train
0411541_as-0094462.jpg,1,2,0,0,3,0.4894520316742814,train
0330999_sc-190279.jpg,2,0,0,0,2,0.40162950198321534,train
0309915_as-2731919.jpg,1,0,0,0,1,0.7604281777915719,train
0433879_as-0100096.jpg,1,0,0,0,1,0.5325918960463153,train
0475076_sc-191928.jpg,1,0,0,0,1,0.4490997463234684,train
0203333_sc-126448.jpg,1,0,0,0,1,0.7014679709473731,train
0435389_sc-159499.jpg,2,0,0,0,2,0.3531423172788064,train
0355009_sc-164290.jpg,2,0,0,0,2,0.6587157337700723,train
0114812_sc-182966.jpg,1,0,0,0,1,0.06750066955457257,train
0174760_sc-219318.jpg,1,0,1,0,2,0.31398373231311527,train
0001061_sc-123724.jpg,8,0,1,0,9,0.5701285748138587,train
0167793_sc-163339.jpg,2,0,1,0,3,0.261934588420374,train
0071686_as-0094757.jpg,2,0,0,0,2,0.7067833982813805,train
0024711_as-9062848.jpg,6,0,0,0,6,0.5993317414149165,train
0457880_as-0097548.jpg,0,1,0,0,1,0.40123895928368347,train
0178693_sc-147920.jpg,2,0,0,0,2,0.44905305948104834,train
0385140_sc-1001542.jpg,0,1,0,0,1,0.013301379358977794,train
0096473_sc-228168.jpg,0,1,0,0,1,0.4215665933554843,train
0213551_sc-209263.jpg,0,1,0,0,1,0.32871667435292007,train
0437513_as-0098318.jpg,5,0,0,1,6,0.13826501479445763,train
0434652_sc-145652.jpg,1,0,0,0,1,0.1767913485699395,train
0071914_as-3245617.jpg,2,0,0,0,2,0.7037142817994257,train
0104817_as-7764274.jpg,1,3,0,0,4,0.6680257340507506,train
0377059_sc-162593.jpg,0,1,2,0,3,0.3413225697376192,train
0338363_sc-146771.jpg,5,1,0,0,6,0.8247981569639546,train
0415313_as-7752467.jpg,3,2,2,0,7,0.4144849747997844,train
0039196_sc-152350.jpg,8,2,0,2,12,0.6354409726326313,train
0005959_as-7889759.jpg,4,3,0,2,9,0.05706436151096739,train
0371236_sc-132530.jpg,5,1,0,0,6,0.8439073196382015,train
0243310_sc-111187.jpg,1,0,1,0,2,0.9593005707550039,train
0289059_as-0094625.jpg,1,1,0,0,2,0.2127103887033832,train
0506223_as-7125576.jpg,1,0,0,1,2,0.5363931477515829,train
0431234_sc-131042.jpg,1,1,0,3,5,0.6005408264750134,train
0505154_as-7511257.jpg,1,1,0,0,2,0.5785878267967269,train
0378882_sc-213975.jpg,1,0,1,1,3,0.21440091426506924,train
0429310_sc-212291.jpg,1,0,1,1,3,0.23873636055452663,train
0364308_sc-128647.jpg,0,0,1,0,1,0.597849153928654,train
0195450_as-0099407.jpg,6,2,4,0,12,0.46567659231407854,train
0034157_sc-207940.jpg,1,0,0,0,1,0.06028677562726237,train
0413969_sc-176897.jpg,2,0,0,0,2,0.8455554012328736,train
0389832_as-9035205.jpg,6,0,0,0,6,0.5477300973716113,train
0492092_as-0099411.jpg,1,0,1,0,2,0.44370200476591093,train
0205923_as-0098420.jpg,2,0,1,0,3,0.3794657545481719,train
0438312_as-3463736.jpg,0,0,1,0,1,0.851487176984086,train
0078329_sc-165296.jpg,3,0,0,0,3,0.4122407513890791,train
0478588_sc-191545.jpg,10,0,2,0,12,0.10394617230420666,train
0061451_sc-142433.jpg,1,1,2,0,4,0.8526020289148842,train
0199849_sc-139781.jpg,1,0,0,1,2,0.35655951691612875,train
0239501_as-2808469.jpg,4,1,0,0,5,0.02397914502141385,train
0434625_as-2736216.jpg,1,0,0,0,1,0.6939381669615243,train
0083333_sc-137579.jpg,1,0,0,1,2,0.4023035996138242,train
0109495_as-2762407.jpg,4,1,0,0,5,0.42137349376671873,train
0047529_sc-174233.jpg,1,1,0,0,2,0.09060509011703277,train
0384404_sc-160748.jpg,4,0,1,0,5,0.952981031484519,train
0362157_sc-219893.jpg,0,0,1,0,1,0.3930323411309694,train
0148526_sc-127733.jpg,1,0,1,0,2,0.8779303331136628,train
0330595_as-0099463.jpg,1,0,0,0,1,0.9937442424800972,train
0180716_sc-143063.jpg,3,0,0,0,3,0.39247445350100774,train
0027221_as-9080534.jpg,2,0,1,0,3,0.8247570683031382,train
0040411_sc-168509.jpg,1,0,0,0,1,0.8368854341878779,train
0287584_sc-193292.jpg,3,0,2,0,5,0.7182024571443127,train
0290028_sc-208199.jpg,1,0,1,1,3,0.5582601674012363,train
0495859_as-7452120.jpg,2,2,0,0,4,0.9594919798159668,train
0023511_sc-137654.jpg,1,0,0,1,2,0.3551990351975326,train
0330625_sc-170578.jpg,2,0,1,0,3,0.32485448815121043,train
0384923_as-0008960.jpg,1,0,0,0,1,0.4938554542946235,train
0209337_as-2599923.jpg,0,0,2,1,3,0.7685706680227998,train
0183678_sc-185947.jpg,1,0,0,0,1,0.39422127698855425,train
0450424_sc-178357.jpg,3,3,1,0,7,0.68365013667235,train
0157324_as-2985098.jpg,1,0,0,0,1,0.5223493523257177,train
0192204_as-2554443.jpg,1,1,0,0,2,0.09909292962182448,train
0292431_as-7044586.jpg,1,0,0,1,2,0.437643414798243,train
0040387_sc-192799.jpg,8,0,0,0,8,0.6509883171792625,train
0469572_sc-198812.jpg,2,0,0,0,2,0.8664786097848253,train
0082492_sc-190921.jpg,2,1,2,0,5,0.13036632167373097,train
0181700_sc-133362.jpg,3,2,0,1,6,0.11811739512266972,train
0363364_as-3372512.jpg,2,0,0,0,2,0.08641003997889452,train
0435724_as-2667819.jpg,1,1,0,0,2,0.459552167594398,train
0355136_sc-1000647.jpg,0,1,0,0,1,0.14083649003320875,train
0105967_sc-154307.jpg,1,0,1,2,4,0.4797106034439724,train
0211090_sc-207850.jpg,3,0,0,0,3,0.8060640971084839,train
0260548_sc-1003741.jpg,1,0,0,0,1,0.6784040697764706,train
0257667_as-7578823.jpg,3,1,1,0,5,0.9094683462830362,train
0391708_as-0098397.jpg,0,4,0,0,4,0.6727908471446439,train
0418520_sc-130731.jpg,1,0,0,0,1,0.4794542430489205,train
0490587_sc-129867.jpg,5,2,4,1,12,0.714867172972237,train
0479653_sc-155996.jpg,0,1,0,0,1,0.27138270176004164,train
0482854_sc-225159.jpg,6,1,0,0,7,0.8585317715025417,train
0096482_as-2576672.jpg,1,0,0,0,1,0.5813279124641374,train
0215116_as-2988407.jpg,0,1,2,1,4,0.17415907764705818,train
0297484_sc-159059.jpg,7,0,0,0,7,0.37025113296578815,train
0473557_sc-186338.jpg,1,0,0,0,1,0.01221715996946493,train
0105143_as-7625324.jpg,1,0,0,1,2,0.6294006363763233,train
0229822_sc-178706.jpg,8,0,0,0,8,0.4528055506990383,train
0444388_as-0099598.jpg,4,0,0,1,5,0.4251870797162155,train
0292788_sc-139597.jpg,2,0,0,0,2,0.6442777569326752,train
0027450_as-0063574.jpg,1,0,0,0,1,0.11600456317460495,train
0058678_as-3125632.jpg,2,0,0,0,2,0.42216292402085576,train
0204027_as-0094427.jpg,0,1,1,0,2,0.07369290265385886,train
0049742_as-0098719.jpg,1,1,1,0,3,0.08482787105944112,train
0062765_as-0098411.jpg,4,0,0,0,4,0.47726774786036064,train
0004945_sc-118404.jpg,0,1,0,0,1,0.09710969648621726,train
0499333_as-2768692.jpg,0,1,2,1,4,0.13561774722202702,train
0205376_as-2939647.jpg,1,0,0,1,2,0.39433201532672013,train
0019151_sc-135881.jpg,2,1,0,0,3,0.7546841324194936,train
0298618_sc-169951.jpg,2,0,1,0,3,0.5376240954848497,train
0053342_sc-202887.jpg,7,1,0,0,8,0.6907326880527498,train
0200281_as-2877789.jpg,1,1,0,0,2,0.7886119946177387,train
0219743_sc-227907.jpg,4,1,0,1,6,0.899896619560158,train
0105924_as-9064569.jpg,0,1,2,2,5,0.5653467902006125,train
0402356_as-0094167.jpg,0,0,1,0,1,0.30987133271739387,train
0390307_as-3315438.jpg,1,0,0,0,1,0.9189549730156923,train
0335893_sc-228831.jpg,8,0,0,0,8,0.5895334322800964,train
0471964_sc-183978.jpg,4,0,1,0,5,0.39562682721387354,train
0277310_as-0099848.jpg,2,0,0,0,2,0.5266553725037415,train
0179924_sc-185664.jpg,2,0,0,0,2,0.9559899217136524,train
0189421_as-3207602.jpg,0,0,1,0,1,0.5249745266702549,train
0375939_as-2773451.jpg,2,0,0,0,2,0.29896525659918016,train
0474506_as-0098195.jpg,2,2,5,1,10,0.11592603449932137,train
0146473_sc-168694.jpg,1,0,1,0,2,0.029733733614668356,train
0426654_sc-225074.jpg,1,0,0,0,1,0.13234007188409502,train
0112561_sc-198688.jpg,0,1,0,0,1,0.10131847544066308,train
0111012_sc-167124.jpg,1,1,0,0,2,0.7736162597605755,train
0059526_sc-174515.jpg,1,0,1,1,3,0.27460628677446375,train
0433232_sc-159787.jpg,1,0,2,0,3,0.25471916518526283,train
0073422_sc-202234.jpg,0,0,1,1,2,0.2611247351155588,train
0492088_sc-225082.jpg,1,0,0,0,1,0.3661954124799629,train
0213661_sc-147932.jpg,1,0,0,1,2,0.4231859634437718,train
0049374_as-0098423.jpg,1,1,2,2,6,0.010450495958609363,train
0213467_as-0099256.jpg,2,0,0,0,2,0.37130964669188693,train
0274001_sc-132513.jpg,1,0,1,0,2,0.2790415017456376,train
0329600_sc-155542.jpg,1,0,0,0,1,0.30654451431675867,train
0100060_sc-182270.jpg,1,0,1,0,2,0.1546750375435203,train
0017229_sc-192947.jpg,1,0,0,0,1,0.16648568514704198,train
0434300_sc-125105.jpg,9,1,1,0,11,0.14746710692184717,train
0287712_as-2516696.jpg,6,0,0,0,6,0.4428041816247199,train
0000802_as-7929891.jpg,1,0,0,1,2,0.16052503513125482,train
0141439_sc-129349.jpg,3,0,0,0,3,0.7373775103680291,train
0336971_sc-155789.jpg,2,0,0,0,2,0.12000494248868177,train
0468544_as-3058179.jpg,2,0,0,0,2,0.6644739419402399,train
0501846_sc-160131.jpg,0,0,1,0,1,0.4494706490138459,train
0458386_as-2684241.jpg,1,0,0,0,1,0.2755063551387037,train
0268550_as-0097762.jpg,1,1,0,0,2,0.011000565266494178,train
0095921_sc-229121.jpg,1,1,0,0,2,0.6308425410276065,train
0448400_sc-173570.jpg,4,0,0,0,4,0.3496398706916034,train
0159388_sc-192685.jpg,2,1,1,0,4,0.9682590130068385,train
0440721_as-3138895.jpg,2,0,1,0,3,0.7107766930553358,train
0235560_sc-217925.jpg,2,0,0,0,2,0.5681998403860226,train
0002010_as-0097507.jpg,1,0,0,0,1,0.8211662589900267,train
0406615_as-3372855.jpg,2,0,0,0,2,0.7863998454972303,train
0136572_sc-152027.jpg,1,0,0,0,1,0.8033754273217094,train
0386502_sc-222333.jpg,4,0,0,2,6,0.8656859706718752,train
0264066_as-0099689.jpg,3,2,5,1,11,0.41966177112397407,train
0506224_as-3233185.jpg,2,1,0,1,4,0.7338831565916238,train
0498199_sc-160152.jpg,2,0,1,0,3,0.18851037277608407,train
0484341_sc-137775.jpg,7,0,0,0,7,0.4272477173056154,train
0102122_as-2544895.jpg,0,1,2,1,4,0.5382611045946705,train
0009343_as-0099321.jpg,2,1,1,0,4,0.2085056499180683,train
0224471_as-0100085.jpg,2,0,0,0,2,0.9313640514130102,train
0464106_as-3031666.jpg,2,0,0,0,2,0.8158346868410431,train
0418963_as-2938652.jpg,3,1,1,0,5,0.4255152238507227,train
0341056_sc-113220.jpg,2,0,0,0,2,0.23120679603674865,train
0347723_sc-134462.jpg,2,0,0,0,2,0.7231258182705261,train
0052737_sc-178219.jpg,1,0,0,0,1,0.0002186094643105152,train
0504565_sc-213981.jpg,3,0,0,0,3,0.6398333748617618,train
0139902_sc-210862.jpg,1,0,0,0,1,0.16602354343289694,train
0132954_as-7679699.jpg,1,1,0,0,2,0.2845441802065548,train
0098381_sc-138131.jpg,4,0,0,1,5,0.4860306680077704,train
0039197_sc-152350.jpg,4,1,1,1,7,0.47559604392318067,train
0078314_as-0100004.jpg,1,1,3,1,6,0.5456535110814597,train
0435738_sc-218161.jpg,2,0,1,1,4,0.8402435273224095,train
0449990_sc-155994.jpg,13,1,0,0,14,0.799229223632997,train
0119911_sc-165185.jpg,3,0,2,0,5,0.8107276231475739,train
0482598_as-0094264.jpg,1,0,0,0,1,0.9410161020712068,train
0327424_as-0099647.jpg,2,2,0,0,4,0.9762295002071907,train
0361268_sc-164037.jpg,1,0,0,1,2,0.14036046754016307,train
0378884_sc-213975.jpg,2,0,1,1,4,0.2970295693749281,train
0235372_as-3306801.jpg,0,0,2,1,3,0.8328126917466628,train
0471963_sc-183978.jpg,2,0,0,0,2,0.8968090895444822,train
0219167_as-0098830.jpg,2,0,0,0,2,0.9639706903606857,train
0505075_sc-207368.jpg,3,0,0,1,4,0.769336172770103,train
0235794_sc-163780.jpg,1,0,0,0,1,0.9610806494665598,train
0125534_sc-199761.jpg,1,0,0,0,1,0.688374956637743,train
0412859_as-0099521.jpg,2,1,1,0,4,0.7129694561273545,train
0357378_as-2876849.jpg,0,0,1,0,1,0.4909288896098081,train
0439640_as-3260176.jpg,3,0,0,0,3,0.5144067522499782,train
0190008_sc-195279.jpg,1,0,0,0,1,0.6999537954281275,train
0278631_as-3190960.jpg,0,0,2,1,3,0.68300060863265,train
0189111_as-7154257.jpg,1,3,0,0,4,0.7606134414654455,train
0056691_sc-140957.jpg,1,0,0,0,1,0.745529782468534,train
0238909_sc-159047.jpg,1,0,0,0,1,0.8577088689235937,train
0362875_as-7865943.jpg,3,2,2,0,7,0.8236801455832888,train
0279549_sc-229935.jpg,1,1,0,0,2,0.02417433750752862,train
0504226_as-0094680.jpg,1,0,0,0,1,0.349445401014148,train
0204443_sc-114157.jpg,1,0,0,0,1,0.7718600652115168,train
0048891_as-3250312.jpg,1,0,0,0,1,0.3339134477641551,train
0287728_sc-130337.jpg,2,0,0,0,2,0.05989666810194694,train
0195170_as-7554416.jpg,1,0,0,0,1,0.4924824364438485,train
0242999_sc-112550.jpg,2,0,0,0,2,0.18469967505537122,train
0339228_as-0094851.jpg,1,0,0,0,1,0.09274873313657228,train
0414585_as-3063612.jpg,1,0,0,0,1,0.23877935701764597,train
0146156_sc-135499.jpg,1,1,0,0,2,0.2025360405789024,train
0505091_as-0100005.jpg,0,1,1,0,2,0.658921064267423,train
0468337_as-0098735.jpg,1,0,0,0,1,0.1863227624190289,train
0151937_sc-108419.jpg,2,1,1,0,4,0.00377760860175147,train
0062766_as-0098411.jpg,3,1,0,0,4,0.10242606224599993,train
0238676_sc-201597.jpg,1,2,1,0,4,0.855027843639386,train
0188074_as-3410070.jpg,1,0,0,0,1,0.4733663171912501,train
0316818_as-2755368.jpg,0,1,2,2,5,0.3185341967305586,train
0334548_sc-209469.jpg,1,1,0,0,2,0.2354508094519081,train
0145153_sc-229696.jpg,1,0,0,0,1,0.8897265394816773,train
0330845_sc-159986.jpg,1,0,0,0,1,0.7496379683586647,train
0406610_as-7029106.jpg,0,0,1,0,1,0.8294270575905103,train
0496750_sc-224265.jpg,2,0,0,0,2,0.3017127116144578,train
0495142_as-3067912.jpg,2,1,2,1,6,0.5930866067243521,train
0090176_as-2645075.jpg,1,0,0,0,1,0.7905565839896855,train
0503019_sc-133483.jpg,2,0,0,0,2,0.9029213724904602,train
0068851_sc-170115.jpg,1,0,0,0,1,0.6017638253558899,train
0260889_as-2933656.jpg,1,0,0,0,1,0.9779115883354972,train
0203546_sc-144472.jpg,2,2,2,1,7,0.4512263165821747,train
0039087_sc-174001.jpg,6,0,2,1,9,0.48659124541140963,train
0060195_as-2758903.jpg,1,0,0,1,2,0.15999897769415916,train
0170552_sc-183860.jpg,0,1,0,0,1,0.7982139642459665,train
0326225_as-0094663.jpg,0,0,1,1,2,0.22428345476444644,train
0264065_as-0099689.jpg,4,2,4,2,12,0.5221131602639288,train
0483078_sc-116666.jpg,2,1,0,0,3,0.9594067782746769,train
0068491_as-3328572.jpg,3,0,1,0,4,0.6942387424725053,train
0338925_as-7667455.jpg,1,0,0,0,1,0.26875724814021407,train
0109741_sc-218858.jpg,1,0,0,0,1,0.5775830717725159,train
0469825_as-0097522.jpg,2,0,1,0,3,0.5308449379431113,train
0413433_sc-134084.jpg,2,1,3,0,6,0.7486256456674011,train
0037819_as-0098380.jpg,3,1,1,1,6,0.7815065185046529,train
0235711_sc-161163.jpg,1,0,0,0,1,0.2505405729786717,train
0305353_sc-157275.jpg,2,0,0,0,2,0.3868525316160787,train
0323026_as-2519162.jpg,0,1,0,0,1,0.3335349776274257,train
0083399_as-9051941.jpg,1,0,0,1,2,0.4349653376471029,train
0339555_sc-198431.jpg,1,0,0,0,1,0.7571630627734885,train
0079744_sc-219043.jpg,2,0,0,0,2,0.8572077329809704,train
0504653_as-0094247.jpg,4,1,4,1,10,0.4176432237933342,train
0297721_as-0098204.jpg,1,0,0,0,1,0.730963062776446,train
0192071_as-0094642.jpg,1,0,0,0,1,0.8969905255607532,train
0134440_as-0099038.jpg,0,1,2,2,5,0.5955761994041294,train
0498891_as-9023517.jpg,6,0,0,0,6,0.34429646822305615,train
0300244_as-0099460.jpg,1,0,0,0,1,0.8632473255365962,train
0374722_sc-149809.jpg,1,0,0,1,2,0.6672936064943071,train
0138791_sc-176480.jpg,2,1,1,1,5,0.9151252689868522,train
0004870_as-0098014.jpg,0,0,0,1,1,0.5130476153535691,train
0251763_as-0099709.jpg,4,2,1,0,7,0.2700171463509905,train
0401709_sc-162426.jpg,2,1,1,0,4,0.7495452409504879,train
0195292_as-3065054.jpg,0,1,2,2,5,0.5206660768721394,train
0372502_sc-186933.jpg,2,0,0,0,2,0.12275782335324359,train
0504651_as-0094247.jpg,5,0,4,1,10,0.5141130444807145,train
0177447_as-0099433.jpg,0,1,0,0,1,0.5152215368749908,train
0489884_as-3044828.jpg,3,0,0,0,3,0.6896030517904927,train
0022306_as-0099814.jpg,1,0,0,0,1,0.9624212806009542,train
0446449_as-5410186.jpg,3,2,2,0,7,0.7919207334866951,train
0208183_as-0094735.jpg,2,0,1,0,3,0.8925220959843939,train
0193413_sc-226942.jpg,1,0,0,1,2,0.887287762718197,train
0080564_sc-220272.jpg,1,0,0,0,1,0.9031679187562944,train
0026319_sc-193803.jpg,3,0,0,1,4,0.23848132321334392,train
0027852_sc-214481.jpg,3,1,1,0,5,0.9229336522473135,train
0374277_sc-227232.jpg,2,0,0,0,2,0.5524159323223999,train
0073757_as-0099016.jpg,1,0,0,0,1,0.7440163293959702,train
0477078_sc-158651.jpg,2,0,0,0,2,0.2786708160776594,train
0090916_as-0094546.jpg,1,0,0,0,1,0.7316696962928807,train
0120533_as-2786408.jpg,1,0,0,1,2,0.1444565759165357,train
0198273_as-0094820.jpg,1,0,1,0,2,0.22110684670823377,train
0216852_sc-104419.jpg,3,1,1,0,5,0.6893158393233829,train
0249045_sc-164683.jpg,1,0,0,0,1,0.3940247306191277,train
0022302_as-0099814.jpg,1,0,0,0,1,0.32679821095269834,train
0100053_sc-212864.jpg,1,1,0,0,2,0.785492834594246,train
